Train_sizes,Train_MAE,Train_R2,Train_MSE,Test_MAE,Test_R2,Test_MSE
4633,1.0996675108669738,0.554439037195357,2.0527778259526954,1.2048308289740266,0.4910364416850518,2.4853528664748987
9267,1.0380549959176,0.6053247531936398,1.869158838047955,1.1802744855110923,0.5119166278146832,2.383391479255706
13900,1.0466818088402774,0.6005494762509622,1.904947727084808,1.162832167162882,0.5267461137179926,2.3109766576127537
18534,1.051789176450383,0.5949786057509294,1.9265648813201461,1.1510530262066447,0.5323564161513312,2.2835806269801227
23167,1.0559306112286464,0.5889486452019306,1.9397708886539746,1.147574017863148,0.5351376417276392,2.269999444505536
27801,1.0569479038102205,0.589184653888985,1.9445739835533726,1.1418953547158768,0.5389438638154269,2.2514130352788277
