Train_sizes,Train_MAE,Train_R2,Train_MSE,Test_MAE,Test_R2,Test_MSE
4633,0.8542444150470213,0.7235851500123589,1.3048216117103775,0.8941076750785537,0.6905233815202465,1.470424069594108
9267,0.8109089831527362,0.7459887668401406,1.1840962871255194,0.8832814219699175,0.6975765095216595,1.4369123644767658
13900,0.8153924323876881,0.7454274791342497,1.195614637079368,0.8756202033732174,0.7016737458732916,1.417445061971488
18534,0.82011001361397,0.7415062464235693,1.2204941456550853,0.8698417611838346,0.7052057039661314,1.400663580326699
23167,0.8162963262617419,0.7429731905508783,1.2145392238327004,0.8653898261866011,0.7068014439554104,1.3930817006338931
27801,0.8133595734880728,0.7441870321131554,1.2156565588060761,0.8629710638578294,0.7094625428498922,1.380437954281623
