Train_sizes,Train_MAE,Train_R2,Train_MSE,Test_MAE,Test_R2,Test_MSE
4633,0.8695656860313105,0.7129977649750112,1.4055284251743272,0.8846090710132785,0.703720617016748,1.3841902470528156
9267,0.8269619041027192,0.7413252247888896,1.249365545882067,0.8591428777743575,0.7186688569216961,1.3143534339789726
13900,0.8236413786954376,0.7392564575699145,1.2461396234905737,0.852782624397726,0.7210680825062326,1.303144470934849
18534,0.8294848639464107,0.7357812760256759,1.264095113861276,0.8501614821870689,0.722421256069868,1.2968225674986604
23167,0.8259333547209534,0.7378329093922773,1.2505100053678535,0.8468513601720823,0.7238656761623908,1.290074368604138
27801,0.8164631727225969,0.7416927130589474,1.230012758944224,0.8419491577123096,0.7271755603910104,1.2746108914563272
