Train_sizes,Train_MAE,Train_R2,Train_MSE,Test_MAE,Test_R2,Test_MSE
4633,0.6992011443888478,0.8018613741634906,0.9503267310926561,0.7679834250385216,0.7643047636213666,1.0968108014995792
9267,0.708823131697152,0.7956298787363231,0.97716254081657,0.7449922508234007,0.7751167397726313,1.0464971319894643
13900,0.7110479398297768,0.7912772412918234,0.9860172836070329,0.7377877324224968,0.779580804784192,1.0257235482781222
18534,0.7143533744090823,0.7912414607967699,0.9974498711896752,0.7296526081356396,0.7827085417993546,1.0111685840149947
23167,0.7168357449255872,0.7891344224977086,1.0062346449723976,0.7241446342800207,0.7849452331152902,1.0007601123265917
27801,0.6450669230962571,0.8265109691572504,0.8267866332257245,0.7220610994702766,0.7863099425654336,0.9944094194198362
