Train_sizes,Train_MAE,Train_R2,Train_MSE,Test_MAE,Test_R2,Test_MSE
4633,0.9747108104744748,0.6426578878694316,1.6386828596416834,1.0703164697005494,0.5839925021627131,1.9921499077865803
9267,0.8561870121975682,0.7219895638103279,1.2932125989193428,1.0346890722348796,0.6059077830651936,1.8872034223122498
13900,0.8642581977327681,0.7208545640245619,1.3197790404081104,1.020243903863745,0.6142186178438028,1.8474050320815245
18534,0.8751909755994156,0.710666428812726,1.361026537124243,1.0055665616508498,0.6233126292119822,1.8038562162483673
23167,0.876942890333008,0.7086667971290123,1.3760974540945055,0.9989742601904315,0.6270603367777123,1.7859094356727905
27801,0.8838056228097788,0.7048651476977623,1.4009962435714662,0.9952451958780139,0.6302338017007891,1.7707125512735005
