Train_sizes,Train_MAE,Train_R2,Train_MSE,Test_MAE,Test_R2,Test_MSE
4633,0.9634344072074208,0.6516714086736001,1.6048111663985325,1.0792489548515323,0.5831903576715374,2.0353501196924437
9267,0.8568081714729432,0.7238129747859741,1.3080055648543167,1.042277627730175,0.6080606905435355,1.9139041888712898
13900,0.8693656895145263,0.7170944438640472,1.3491540606401446,1.024751870958392,0.6206521507189826,1.8524180153940388
18534,0.875498375509273,0.7112776200917232,1.3733654702704279,1.0075036843366958,0.6297375353110142,1.8080525863374073
23167,0.8800636216651163,0.7056580993251127,1.3890134251490558,1.0025355681470731,0.6336966966248951,1.7887193496851246
27801,0.8840622515485487,0.7034027622609735,1.403928255263493,0.9951334306005032,0.638893092275655,1.7633444940300136
